<?xml version="1.0" encoding="UTF-8"?>
<jcr:root xmlns:sling="http://sling.apache.org/jcr/sling/1.0" xmlns:granite="http://www.adobe.com/jcr/granite/1.0" xmlns:cq="http://www.day.com/jcr/cq/1.0" xmlns:jcr="http://www.jcp.org/jcr/1.0" xmlns:nt="http://www.jcp.org/jcr/nt/1.0"
    jcr:primaryType="cq:Page">
    <jcr:content
        cq:lastModified="{Date}2021-09-29T18:53:00.466+03:00"
        cq:lastModifiedBy="admin"
        jcr:primaryType="cq:PageContent"
        jcr:title="Import News From RSS"
        sling:resourceType="granite/ui/components/shell/page">
        <head jcr:primaryType="nt:unstructured">
            <clientlibs
                    jcr:primaryType="nt:unstructured"
                    sling:resourceType="granite/ui/components/coral/foundation/includeclientlibs"
                    categories="[granite.ui.coral.foundation,excel-to-json.base]"/>
        </head>
        <title
                jcr:primaryType="nt:unstructured"
                jcr:title="Import News From RSS"
                sling:resourceType="granite/ui/components/shell/title"/>
        <content
                jcr:primaryType="nt:unstructured"
                sling:resourceType="granite/ui/components/coral/foundation/container"
                margin="{Boolean}true">
            <items jcr:primaryType="nt:unstructured">
                <columns
                        jcr:primaryType="nt:unstructured"
                        sling:resourceType="granite/ui/components/coral/foundation/fixedcolumns"
                        margin="{Boolean}true">
                    <items jcr:primaryType="nt:unstructured">
                        <column
                                jcr:primaryType="nt:unstructured"
                                sling:resourceType="granite/ui/components/coral/foundation/container"
                                margin="{Boolean}true">
                            <items jcr:primaryType="nt:unstructured">
                                <container
                                        jcr:primaryType="nt:unstructured"
                                        sling:resourceType="granite/ui/components/coral/foundation/container"
                                        margin="{Boolean}true">
                                    <items jcr:primaryType="nt:unstructured">
                                        <well
                                                jcr:primaryType="nt:unstructured"
                                                sling:resourceType="granite/ui/components/coral/foundation/well"
                                                margin="{Boolean}true">
                                            <items jcr:primaryType="nt:unstructured">
                                                <start
                                                        granite:id="startButton"
                                                        jcr:primaryType="nt:unstructured"
                                                        sling:resourceType="granite/ui/components/coral/foundation/anchorbutton"
                                                        href="/content/dashboard/import-news/start.html"
                                                        icon="play"
                                                        size="L"
                                                        text="Import News"
                                                        variant="primary"/>
                                            </items>
                                        </well>
                                    </items>
                                </container>
                            </items>
                        </column>
                    </items>
                </columns>
            </items>
        </content>
    </jcr:content>
</jcr:root>
